name,location,price,review_score,review_count,amenities
Villa des Hauts Mogador,Essaouira,"MAD 1,499",Scored 9.6,189 reviews,
Riad 7 Pierres,"Old Medina, Essaouira",MAD 379,Scored 8.8,920 reviews,
Mama Souiri Hotel,"Kasbah, Essaouira",MAD 426,Scored 7.9,"2,097 reviews",
Hotel Vents Des Iles,Essaouira,MAD 473,Scored 8.6,974 reviews,
Riad Dar Latigeo,"Old Medina, Essaouira",MAD 265,Scored 8.3,475 reviews,
Yousurf Surf House,Essaouira,MAD 947,Scored 8.1,363 reviews,
Tweets Hotel,Essaouira,MAD 452,Scored 8.4,471 reviews,
Hôtel Mechouar Plaza,"Kasbah, Essaouira",MAD 641,Scored 8.1,"1,213 reviews",
Hotel majestc,"Old Medina, Essaouira",MAD 189,Scored 7.8,33 reviews,
Riad Eucalyptus,Essaouira,MAD 842,Scored 8.9,356 reviews,
RIAD Tamazouzt,"Mellah, Essaouira",MAD 316,Scored 8.3,218 reviews,
"Appart, Hotel & Café Agadir","Ahl Agadir, Essaouira",MAD 400,Scored 8.6,"1,166 reviews",
Suite Azur Hotel,"Old Medina, Essaouira","MAD 1,578",Scored 9.0,913 reviews,
Dar Adul,"Old Medina, Essaouira",MAD 842,Scored 8.8,613 reviews,
Riad Raoud Rayhane,"Old Medina, Essaouira",MAD 842,Scored 8.9,513 reviews,
Villa Des Arganiers,Essaouira,"MAD 1,893",Scored 9.9,9 reviews,
Ali Baba Infinity,Essaouira,"MAD 2,641",Scored 9.6,64 reviews,
White And Blue,"Old Medina, Essaouira",MAD 263,Scored 8.2,689 reviews,
Hôtel La Perle de Mogador,Essaouira,MAD 800,Scored 7.2,777 reviews,
Riad Zahra,"Essaouira Coast, Essaouira",MAD 663,Scored 8.7,"1,278 reviews",
WELKAM Home & Coworking,Essaouira,MAD 221,Scored 9.6,605 reviews,
Dar sirin,Essaouira,MAD 421,Scored 8.9,28 reviews,
Hotel Cote ocean Mogador,"Essaouira Coast, Essaouira","MAD 1,578",Scored 8.5,"1,527 reviews",
ArtHouse Cinema Hotel,"Old Medina, Essaouira",MAD 879,Scored 8.8,371 reviews,
MOjA HOUSE,Essaouira,MAD 715,Scored 8.9,94 reviews,
RIAD LES DEUX MONDES,Essaouira,MAD 631,Scored 8.3,286 reviews,
Riad Inna & Watersports Center,"Old Medina, Essaouira",MAD 720,Scored 8.6,744 reviews,
Hotel Al Arboussas,"Old Medina, Essaouira",MAD 368,Scored 8.2,405 reviews,
Dar Nafoura-Mogador,"Old Medina, Essaouira",MAD 619,Scored 8.6,360 reviews,
Abdessamad Appartement 2,Essaouira,MAD 426,Scored 9.3,53 reviews,
La Maison du Belvédère,"Ahl Agadir, Essaouira",MAD 615,Scored 9.0,6 reviews,
Salut Maroc!,"Kasbah, Essaouira","MAD 2,051",Scored 9.0,350 reviews,
Villa Quieta,"Essaouira Coast, Essaouira","MAD 1,420",Scored 9.3,604 reviews,
Caverne d'Ali Baba,"Ahl Agadir, Essaouira",MAD 656,Scored 8.5,400 reviews,
Hotel Coeur de Mogador,"Mellah, Essaouira",MAD 263,Scored 7.3,287 reviews,
Residence Essaouira Mogador,Essaouira,MAD 284,Scored 6.6,121 reviews,
Dar lmedina,"Old Medina, Essaouira",MAD 218,Scored 7.7,4 reviews,
Appartements la grotte,"Kasbah, Essaouira",MAD 947,Scored 8.8,143 reviews,
1 min de la plage,Essaouira,MAD 418,Scored 7.3,19 reviews,
Apartment with 2 bedrooms,Essaouira,MAD 358,Scored 8.5,33 reviews,
zazou,"Old Medina, Essaouira",MAD 526,Scored 8.3,107 reviews,
Villa Mogador,Essaouira,MAD 631,Scored 9.0,44 reviews,
Tarbouche on the Beach,Essaouira,MAD 736,Scored 7.6,16 reviews,
Luxury Riad Mounia,"Old Medina, Essaouira","MAD 1,262",Scored 8.5,230 reviews,
Riad AYLAL,"Old Medina, Essaouira",MAD 511,Scored 8.2,932 reviews,
Aziki,Essaouira,MAD 421,Scored 8.6,85 reviews,
Riad Tammam,Essaouira,MAD 894,Scored 9.6,5 reviews,
Riad Diamant Blanc,"Ahl Agadir, Essaouira","MAD 1,231",Scored 8.2,577 reviews,
KH APPARTEMENT appart1,"Kasbah, Essaouira",MAD 849,Scored 10,1 review,
Villa Mogador By Solena,Essaouira,"MAD 1,098",Scored 8.8,20 reviews,
Hôtel Des Iles,Essaouira,MAD 778,Scored 6.5,"1,098 reviews",
BABERRIH Hôtel Hospitality Palaces & Resorts,Essaouira,"MAD 2,534",Scored 9.2,545 reviews,
Red House,Essaouira,MAD 473,Scored 9.0,27 reviews,
Las terrazas Mogador,Essaouira,MAD 939,Scored 9.9,24 reviews,
Cavanna Lodge,Essaouira,"MAD 1,052",Scored 10,4 reviews,
Cosy flat with rooftop,Essaouira,MAD 368,Scored 5.0,5 reviews,
Hotel Riad Ben Atar,"Ahl Agadir, Essaouira",MAD 899,Scored 7.9,536 reviews,
Hôtel Riad Gnaoua,"Old Medina, Essaouira",MAD 820,Scored 7.8,"1,181 reviews",
Résidence jouhra,Essaouira,MAD 288,Scored 4.8,6 reviews,
Riad Dar Afram,"Old Medina, Essaouira",MAD 947,Scored 9.2,257 reviews,
Riad Dar L'Oussia & SPA,"Ahl Agadir, Essaouira","MAD 2,367",Scored 8.7,228 reviews,
Douar Noujoum,Essaouira,MAD 473,Scored 8.3,70 reviews,
Tafokt 2,Essaouira,MAD 269,Scored 8.0,1 review,
Riad de charme l'Oasis d'Essaouira - Suite Luxe,"Mellah, Essaouira","MAD 1,099",Scored 9.1,23 reviews,
ثافوكة 2,Essaouira,MAD 303,Scored 7.6,5 reviews,
Essaouira Lodge,Essaouira,"MAD 1,996",Scored 8.3,887 reviews,
Prada appartement Essaouira,Essaouira,"MAD 1,041",Scored 9.1,24 reviews,
Dar Betty,Essaouira,MAD 610,Scored 8.4,24 reviews,
Appartement pied dans l'eau,"Old Medina, Essaouira","MAD 1,041",Scored 6.6,7 reviews,
Riad Dar Mami,"Kasbah, Essaouira",MAD 368,Scored 10,2 reviews,
Chez Ali,Essaouira,"MAD 1,136",Scored 9.7,54 reviews,
Appartement bien équipé et calme où vous allez passé un bon séjour,Essaouira,MAD 322,Scored 5.2,4 reviews,
Villa Grenadine,Essaouira,MAD 589,Scored 8.8,212 reviews,
House 43,"Old Medina, Essaouira",MAD 526,Scored 9.0,7 reviews,
Dar khadija,"Ahl Agadir, Essaouira","MAD 1,788",Scored 8.0,9 reviews,
Apparemment KANZA,Essaouira,MAD 339,Scored 5.2,4 reviews,
Maison Kasba Bonheur & Bien etre Emma & Gilles,Essaouira,"MAD 2,209",Scored 9.3,136 reviews,
Riad Ghazal,Essaouira,MAD 949,Scored 9.6,99 reviews,
Dar Essaada,Essaouira,"MAD 1,262",Scored 8.8,180 reviews,
Mogador Appartements T6,Essaouira,MAD 999,Scored 8.9,28 reviews,
la fromagerie essaouira,Essaouira,MAD 736,Scored 8.3,77 reviews,
Villa jamal essaouira,Essaouira,"MAD 1,162",Scored 9.3,6 reviews,
Appartement de luxe ESSAOUIRA En Face a LA PLAGE,Essaouira,MAD 331,Scored 4.5,22 reviews,
Riad Nakhla,"Ahl Agadir, Essaouira",MAD 663,Scored 7.9,165 reviews,
Appartement essaouira proche de la mer,Essaouira,"MAD 1,001",Scored 10,3 reviews,
DAR CHBANATE,"Old Medina, Essaouira",MAD 263,Scored 6.0,4 reviews,
Appartement à Essaouira jawharat Mogador,Essaouira,MAD 369,Scored 5.5,2 reviews,
Appartement essaouira,Essaouira,MAD 316,Scored 10,1 review,
Villa DAR MAMA,Essaouira,MAD 757,Scored 7.7,3 reviews,
Riad Gloria,"Old Medina, Essaouira","MAD 1,562",Scored 8.9,250 reviews,
Appartement Ghita Essaouira,Essaouira,MAD 833,Scored 10,4 reviews,
wind house,Essaouira,MAD 540,Scored 8.0,8 reviews,
شقة بإقامة الجوهرة الصويرة,Essaouira,"MAD 1,431",Scored 8.1,46 reviews,
Dar Amina,Essaouira,MAD 454,Scored 7.0,1 review,
ثافوكت الصويرة,Essaouira,MAD 225,Scored 3.0,1 review,
Résidence jawharat mogador,Essaouira,MAD 663,Scored 7.9,10 reviews,
Studio Essaouira,Essaouira,MAD 237,Scored 8.0,1 review,
Dar Mozart,Essaouira,MAD 454,Scored 8.9,9 reviews,
Apparemment Tout Confort Wifi,Essaouira,"MAD 1,207",Scored 7.9,10 reviews,
Riad Isla,Essaouira,"MAD 1,893",Scored 8.5,13 reviews,
We look forward to welcoming you to our home,"Old Medina, Essaouira",MAD 339,Scored 4.5,2 reviews,
A Cozy and Convenient Apartment for a Memorable Stay,Essaouira,MAD 379,Scored 4.0,2 reviews,
Residence jouharaa,Essaouira,MAD 379,Scored 4.0,2 reviews,
We are looking forward to welcoming you to our home,"Old Medina, Essaouira",MAD 299,Scored 3.3,3 reviews,
تافوكة,Essaouira,MAD 316,Scored 7.5,4 reviews,
Villa Moon,Essaouira,"MAD 1,424",Scored 9.2,5 reviews,
Villa Rosa,Essaouira,"MAD 1,420",Scored 8.0,3 reviews,
Riad Zamrani,"Kasbah, Essaouira",MAD 568,Scored 8.0,2 reviews,
Villa Zaouia,Essaouira,"MAD 1,119",Scored 5.7,3 reviews,
Villa Tremoulet Essaouira,Essaouira,MAD 789,Scored 10,4 reviews,
Villa Nour Al-Khalil,Essaouira,"MAD 2,518",Scored 9.2,30 reviews,
Riad Aïcha Addi - Poolside - Traditional Moroccan,Essaouira,"MAD 2,630",Scored 9.3,35 reviews,
امام البحر,Essaouira,MAD 885,Scored 1.0,1 review,
"Villa,Mer 5min marche, Terrasse,2niv,4CH,2SB,fibre",Essaouira,"MAD 1,178",Scored 9.0,1 review,
appartement calme,Essaouira,MAD 469,Scored 3.0,3 reviews,
Appartement terrasse en famille ou entre amis,Essaouira,MAD 764,Scored 10,1 review,
جوهرة موكادور,Essaouira,MAD 341,Scored 1.0,2 reviews,
Dar Al Kheir,Essaouira,"MAD 1,136",Scored 10,1 review,
Appart mehdi,Essaouira,MAD 284,Scored 1.0,1 review,
Appartement de luxe,Essaouira,MAD 937,Scored 1.0,1 review,
Vue mer appartement,Essaouira,MAD 863,Scored 3.0,2 reviews,
Villa Med House,Essaouira,"MAD 1,893",Scored 9.0,1 review,
Dar De La Milonga,Essaouira,MAD 820,Scored 1.0,2 reviews,
RIAD ANIS,Essaouira,"MAD 1,938",Scored 9.3,3 reviews,
Apparemment À Résidence Confortable,Essaouira,"MAD 1,207",Scored 7.0,3 reviews,
Maison d'hôte,Essaouira,MAD 606,Scored 1.0,1 review,
CONÇU FRAIS à côté de LA MER - quartier agréable - wifi,Essaouira,"MAD 1,136",Scored 8.0,2 reviews,
إقامة الهناء للكراء الصيفي في مدينة الرياح,Essaouira,MAD 417,Scored 2.1,8 reviews,
Room of pleasure and rest,Essaouira,MAD 208,Scored 1.0,1 review,
Apartement en 1er etage et autre 2eme avec terasse location longue duré,Essaouira,MAD 530,Scored 1.0,1 review,
appartement lghazoua Essaouira,Essaouira,MAD 483,Scored 1.0,1 review,
Villa et bungalows chez Kousmat,Essaouira,"MAD 4,260",Scored 8.0,1 review,
Appartemnt Essaouira welcome all,Essaouira,"MAD 1,704",Scored 1.0,1 review,
apparemment Anas,Essaouira,"MAD 8,852",Scored 5.5,4 reviews,
Hostel La Smala,"Kasbah, Essaouira",MAD 337,Scored 8.6,"1,391 reviews",
Atlantic Hostel,"Old Medina, Essaouira",MAD 208,Scored 8.5,"1,163 reviews",
Giraffe Hostel-Sea view Rooftop,"Ahl Agadir, Essaouira",MAD 270,Scored 8.2,178 reviews,
berber hostel,"Old Medina, Essaouira",MAD 273,Scored 8.4,451 reviews,
